CKX3969788,2.023E+21,4103,10-07-2023 11:07,Success,Completed Successfully,INB
CPACWWJWI2,2.023E+21,13379,10-07-2023 18:07,Success,Completed Successfully,BILLDESK
CPACWWWCW6,2.023E+21,1309,10-07-2023 15:07,Success,Completed Successfully,UPI
CPACWXCPH0,2.023E+21,457,10-07-2023 15:07,Success,Completed Successfully,UPI
CPACWXDJQ2,2.023E+21,639,10-07-2023 15:07,Success,Completed Successfully,UPI
CPACWXDNK5,2.023E+21,11277,10-07-2023 15:07,Success,Completed Successfully,UPI
CPACWXFAX7,2.023E+21,1252,10-07-2023 15:07,Success,Completed Successfully,UPI
CPACWXFCM3,2.023E+21,511,10-07-2023 15:07,Success,Completed Successfully,UPI
CPACWXJZW5,2.023E+21,1399,10-07-2023 16:07,Success,Completed Successfully,UPI
CPACWXRVK0,2.023E+21,3581,10-07-2023 16:07,Success,Completed Successfully,UPI
CPACWXRYF0,2.023E+21,2682,10-07-2023 16:07,Success,Completed Successfully,UPI
CPACWXTKB9,2.023E+21,985,10-07-2023 00:07,Success,Completed Successfully,UPI
CPACWXUJT3,2.023E+21,2343,10-07-2023 06:07,Success,Completed Successfully,UPI
CPACWXUZP6,2.023E+21,1766,10-07-2023 07:07,Success,Completed Successfully,UPI
CPACWXVAY8,2.023E+21,1871,10-07-2023 07:07,Success,Completed Successfully,UPI
CPACWXVBF1,2.023E+21,1461,10-07-2023 07:07,Success,Completed Successfully,UPI
CPACWXWIF7,2.023E+21,11217,10-07-2023 08:07,Success,Completed Successfully,OtherDebit
CPACWXXEK2,2.023E+21,1680,10-07-2023 09:07,Success,Completed Successfully,SBDebit
CPACWXXKC0,2.023E+21,2330,10-07-2023 09:07,Success,Completed Successfully,UPI
CPACWXXUR8,2.023E+21,12237,10-07-2023 09:07,Success,Completed Successfully,UPI
CPACWXXYG7,2.023E+21,556,10-07-2023 09:07,Success,Completed Successfully,SBDebit
CPACWXYWM2,2.023E+21,5844,10-07-2023 10:07,Success,Completed Successfully,UPI
CPACWXYXF6,2.023E+21,820,10-07-2023 10:07,Success,Completed Successfully,UPI
CPACWXZTE4,2.023E+21,982,10-07-2023 10:07,Success,Completed Successfully,UPI
CPACWYACV8,2.023E+21,2831,10-07-2023 10:07,Success,Completed Successfully,UPI
CPACWYATU5,2.023E+21,4776,10-07-2023 10:07,Success,Completed Successfully,UPI
CPACWYCZM0,2.023E+21,777,10-07-2023 11:07,Success,Completed Successfully,OtherDebit
CPACWYFLL3,2.023E+21,970,10-07-2023 11:07,Success,Completed Successfully,SBDebit
CPACWYHOC4,2.023E+21,3969,10-07-2023 12:07,Success,Completed Successfully,OtherDebit
CPACWYICE9,2.023E+21,7436,10-07-2023 12:07,Success,Completed Successfully,OtherDebit
CPACWYJTH7,2.023E+21,2229,10-07-2023 12:07,Success,Completed Successfully,UPI
CPACWYKSH3,2.023E+21,1550,10-07-2023 12:07,Success,Completed Successfully,OtherDebit
CPACWYMPZ0,2.023E+21,1424,10-07-2023 12:07,Success,Completed Successfully,UPI
CPACWYNUJ8,2.023E+21,881,10-07-2023 13:07,Success,Completed Successfully,OtherDebit
CPACWYUOI4,2.023E+21,2309,10-07-2023 14:07,Success,Completed Successfully,SBDebit
CPACWYUWM7,2.023E+21,1478,10-07-2023 14:07,Success,Completed Successfully,UPI
CPACWYXAZ2,2.023E+21,9070,10-07-2023 15:07,Success,Completed Successfully,SBDebit
CPACWZAPF8,2.023E+21,600,10-07-2023 15:07,Success,Completed Successfully,SBDebit
CPACWZARP9,2.023E+21,2468,10-07-2023 15:07,Success,Completed Successfully,SBDebit
CPACWZBMC9,2.023E+21,691,10-07-2023 16:07,Success,Completed Successfully,UPI
CPACWZEQD4,2.023E+21,864,10-07-2023 16:07,Success,Completed Successfully,UPI
CPACWZIPF5,2.023E+21,524,10-07-2023 18:07,Success,Completed Successfully,UPI
CPACWZJTN3,2.023E+21,200,10-07-2023 18:07,Success,Completed Successfully,UPI
CPACWZODQ9,2.023E+21,1481,10-07-2023 20:07,Success,Completed Successfully,SBDebit
CPACWZQMN4,2.023E+21,6876,10-07-2023 21:07,Success,Completed Successfully,UPI
CPACWZRQF8,2.023E+21,516,10-07-2023 21:07,Success,Completed Successfully,UPI
CPACWZSUK0,2.023E+21,1570,10-07-2023 22:07,Success,Completed Successfully,UPI
IK0CIMNDN6,2.023E+21,300,10-07-2023 02:07,Success,Completed Successfully,INB
IK0CIMNTU5,2.023E+21,24868,10-07-2023 08:07,Success,Completed Successfully,INB
IK0CIMNTZ7,2.023E+21,7840,10-07-2023 08:07,Success,Completed Successfully,INB
IK0CIMNVM7,2.023E+21,1612,10-07-2023 08:07,Success,Completed Successfully,INB
IK0CIMUAD2,2.023E+21,21813,10-07-2023 11:07,Success,Completed Successfully,INB
IK0CINGSN7,2.023E+21,1281,10-07-2023 15:07,Success,Completed Successfully,INB
IK0CINKNC5,2.023E+21,21878,10-07-2023 16:07,Success,Completed Successfully,INB
IK0CINLVG9,2.023E+21,812,10-07-2023 17:07,Success,Completed Successfully,INB
IK0CINMKX8,2.023E+21,1112,10-07-2023 17:07,Success,Completed Successfully,INB
IK0CINPMB1,2.023E+21,2122,10-07-2023 19:07,Success,Completed Successfully,INB
